population,lr,depth,reg,RMSE
0,0.1312,8,2.1545,49.6484
0,0.0917,6,2.644,49.7576
0,0.1118,10,2.7505,49.0156
0,0.1012,3,3.0594,49.6273
0,0.1274,9,2.5993,50.3006
0,0.1317,7,3.6544,50.0704
0,0.1043,8,2.0581,49.8505
0,0.0817,5,0.2965,48.2846
0,0.1362,4,0.5726,49.554
0,0.1366,5,3.9856,50.0806
0,0.1177,7,4.7354,49.0964
0,0.1283,4,4.1349,50.299
0,0.1217,9,1.9773,50.7459
0,0.0813,7,3.044,49.6555
0,0.1285,6,4.7878,49.1138
0,0.1121,3,3.3412,49.7597
0,0.0407,5,0.2502,50.3997
0,0.0536,9,1.1514,50.5775
0,0.1497,6,1.4076,48.5744
0,0.1356,7,2.4632,50.4509
0,0.1247,5,2.5363,49.1509
0,0.128,5,1.7394,49.5332
0,0.1053,5,1.4487,49.553
0,0.1121,5,3.7267,49.6575
0,0.1127,5,0.0647,49.3949
0,0.0734,5,4.1164,49.4621
0,0.1236,3,0.3917,49.7507
0,0.087,10,0.9116,49.2115
0,0.07,5,3.4187,50.1666
0,0.0858,3,3.847,50.62
0,0.0819,4,2.9566,50.6348
0,0.1331,8,4.2132,49.9268
0,0.0718,10,2.1467,50.4574
0,0.1414,7,4.1756,49.1378
0,0.1466,7,0.3465,48.5824
0,0.1089,8,3.508,49.2097
0,0.1451,6,1.8394,49.9511
0,0.1337,3,3.0427,49.3044
0,0.1089,7,3.0234,50.0641
0,0.1066,7,4.2249,49.7846
0,0.1415,5,1.3129,48.5704
0,0.0574,7,3.2128,49.9193
0,0.078,7,4.4024,49.6557
0,0.117,6,4.4956,50.1951
0,0.141,6,4.1182,49.6107
0,0.0577,6,2.5267,50.1698
0,0.1368,7,0.918,50.6127
0,0.1042,6,2.3873,48.8166
0,0.1326,4,1.5449,49.0682
0,0.1441,5,0.0828,50.5161
0,0.1111,6,1.9316,49.8971
0,0.0827,7,3.658,48.9196
0,0.1465,10,3.0178,47.4668
0,0.0734,7,3.9516,49.4131
0,0.0988,5,2.6228,49.4244
0,0.0947,4,0.2014,49.4303
0,0.0595,9,0.9546,49.6228
0,0.1386,6,1.431,49.3744
0,0.0757,8,1.9484,50.3238
0,0.0934,6,3.2231,50.0966
0,0.142,4,4.6558,49.1174
0,0.0673,7,3.6074,49.3239
0,0.089,8,0.9525,49.9143
0,0.1217,6,0.9412,48.0573
0,0.0839,9,0.153,50.3381
0,0.1008,8,4.626,48.7902
0,0.1052,7,4.5197,49.7555
0,0.1129,8,0.2776,48.4024
0,0.123,4,1.4352,47.7873
0,0.1492,6,2.3447,48.8
0,0.0921,6,4.2414,49.81
0,0.0534,5,0.7043,49.8173
0,0.1221,9,3.6377,50.1839
0,0.1378,8,3.2232,48.8603
0,0.0768,6,2.5585,50.2588
0,0.0777,8,4.3909,49.7539
0,0.0601,5,1.3436,49.2482
0,0.1483,5,3.4693,48.629
0,0.0823,5,0.1049,48.6642
0,0.1441,4,3.4286,50.172
0,0.0802,4,3.0038,49.8138
0,0.0778,6,2.8999,50.8321
0,0.1378,8,1.1593,49.3066
0,0.1411,4,0.6549,49.0116
0,0.0955,4,3.9786,49.4746
0,0.0892,8,2.3414,49.1903
0,0.057,6,0.2937,49.542
0,0.1179,4,1.2331,48.2873
0,0.0948,5,0.9594,48.6021
0,0.0494,9,0.1224,50.8122
0,0.1295,7,3.5076,49.1408
0,0.1237,6,1.8431,48.4356
0,0.0737,8,2.6422,49.7461
0,0.0993,4,4.5816,50.542
0,0.0835,5,4.9985,50.2088
0,0.1067,5,3.476,49.3231
0,0.0969,4,1.7801,49.9067
0,0.1351,3,3.346,50.4672
0,0.1129,3,4.3847,49.4194
0,0.1284,9,0.5594,50.5748
1,0.1532,10,1.9805,47.6694
1,0.1121,10,1.5013,48.2571
1,0.1482,10,3.4614,47.4363
1,0.1643,10,2.6054,48.0719
1,0.1035,10,2.3447,47.5142
1,0.1915,10,4.7647,48.3831
1,0.1634,7,0.2937,48.4104
1,0.1351,10,3.0104,47.5719
1,0.1244,8,0.7919,47.7997
1,0.1651,10,2.9935,48.3511
1,0.1463,8,2.3363,48.2129
1,0.1455,10,2.5046,47.3685
1,0.1362,10,2.3682,48.2242
1,0.1354,10,2.0953,47.5291
1,0.1848,10,3.6837,48.0334
1,0.134,10,4.5513,47.9646
1,0.1242,10,2.6466,48.0447
1,0.1255,8,1.3889,47.4979
1,0.1071,10,2.3113,47.1666
1,0.1782,10,3.7894,48.364
1,0.1254,8,2.7287,47.8359
1,0.1141,10,0.2543,48.234
1,0.0924,8,0.6549,47.4235
1,0.155,10,2.3585,48.0462
1,0.14,6,3.1918,48.186
1,0.0934,6,0.9546,47.8837
1,0.1684,6,3.3061,47.8916
1,0.0977,7,3.5984,48.0966
1,0.1422,8,2.7737,48.1153
1,0.1259,10,3.288,48.174
1,0.1175,10,2.0984,47.6821
1,0.1174,7,0.7542,48.0874
1,0.1484,5,3.6074,48.3127
1,0.1272,10,2.9385,48.0768
1,0.0776,8,0.606,47.3068
1,0.1582,6,0.8376,48.2048
1,0.1135,8,3.7171,48.4258
1,0.1451,8,1.1546,47.624
1,0.1411,10,1.5924,48.0553
1,0.1216,10,2.8071,48.1482
1,0.1237,10,3.0456,48.1121
1,0.1443,8,1.6334,48.3254
1,0.1786,10,3.5927,47.5091
1,0.1143,6,1.2916,47.5713
1,0.1454,8,1.8619,47.6154
1,0.1015,10,1.8759,48.0845
1,0.1069,7,1.0885,47.5909
1,0.1494,7,3.379,47.4573
1,0.1414,10,3.3776,47.444
1,0.1283,10,3.0427,47.7738
1,0.1143,10,1.2285,46.938
1,0.1376,10,1.6445,48.1323
1,0.1423,8,3.3889,48.0152
1,0.175,10,3.1451,47.3594
1,0.1274,7,3.8279,48.1434
1,0.1071,10,1.3643,46.8545
1,0.1338,10,3.7225,48.0281
1,0.1429,10,1.9287,48.0704
1,0.1376,10,4.9326,47.7154
1,0.1386,10,1.431,47.6285
1,0.1191,10,2.4991,48.0571
1,0.1445,10,4.2909,48.1739
1,0.1706,10,2.1777,47.1588
1,0.1248,8,3.1637,47.7217
1,0.1243,7,3.632,47.4648
1,0.1261,10,3.6129,48.1459
1,0.1269,8,2.3751,48.0564
1,0.1478,10,3.4247,47.7036
1,0.1249,10,2.6291,48.3355
1,0.1568,10,3.71,46.9088
1,0.1274,10,1.8095,47.0512
1,0.1089,8,1.4269,48.1179
1,0.1318,7,4.9403,48.3651
1,0.1543,8,3.4699,47.7762
1,0.1198,7,0.8128,48.3203
1,0.1159,10,1.2425,47.0265
1,0.1286,10,3.658,48.1183
1,0.141,10,3.6006,47.6028
1,0.1131,6,1.3089,48.2196
1,0.1491,10,3.5933,47.2396
1,0.1467,6,3.6669,47.3875
1,0.0993,7,0.2965,48.0748
1,0.1569,6,4.7105,48.3396
1,0.1126,8,0.7991,47.2156
1,0.1377,10,2.6319,48.0958
1,0.1287,8,1.2403,48.0067
1,0.1306,8,3.6913,48.2174
1,0.1235,8,2.9661,48.1607
1,0.1347,7,4.385,48.3118
1,0.1247,10,2.9674,48.3528
1,0.114,6,1.42,47.1505
1,0.1328,10,3.9071,48.3138
1,0.1409,10,2.1489,47.5804
1,0.1594,10,3.8327,46.9383
1,0.0989,10,0.7856,48.3105
1,0.1068,10,1.0981,48.338
1,0.1531,10,4.3214,48.1824
1,0.1337,7,3.0427,48.221
1,0.1222,10,2.6642,47.5487
1,0.1119,8,0.2795,47.6692
2,0.1172,10,1.6762,47.8674
2,0.1256,10,2.5185,47.4181
2,0.1387,10,1.9764,46.9035
2,0.1468,10,2.9157,46.9666
2,0.1465,10,3.0945,47.4115
2,0.1337,6,0.7376,46.6406
2,0.122,8,0.5424,47.9286
2,0.124,10,1.1138,47.5234
2,0.1377,10,3.2199,47.8168
2,0.1143,10,1.4782,47.7762
2,0.1417,10,2.2872,47.7368
2,0.0985,10,1.0255,47.7941
2,0.1207,8,1.3526,47.9379
2,0.1158,8,2.4781,47.7091
2,0.1013,8,0.484,47.694
2,0.1208,10,2.0014,47.5329
2,0.1234,10,2.4262,47.5825
2,0.1083,7,1.0016,47.0437
2,0.1332,10,2.5169,46.9049
2,0.1334,10,3.3889,47.7959
2,0.1318,10,1.0478,47.6086
2,0.1103,10,0.9452,47.4753
2,0.1128,10,1.2276,46.8119
2,0.1469,10,3.2603,47.7278
2,0.1295,10,3.2511,47.5525
2,0.126,10,2.3479,47.9235
2,0.1494,10,2.6098,46.9467
2,0.1295,10,1.8001,47.6139
2,0.1289,10,1.5399,47.5691
2,0.1426,10,2.3965,47.1738
2,0.1163,7,0.8874,47.3746
2,0.134,10,3.3421,47.8918
2,0.1412,10,2.372,47.9017
2,0.1474,10,3.7521,47.6875
2,0.124,10,2.748,47.8515
2,0.106,7,1.4604,47.4653
2,0.1197,8,1.5111,47.6747
2,0.1198,8,1.6513,47.9222
2,0.1202,10,0.7044,47.5973
2,0.1112,10,1.1149,47.0839
2,0.1188,10,2.1517,47.213
2,0.1335,10,3.1327,47.9269
2,0.1066,10,1.9012,47.5403
2,0.0866,8,0.2139,47.6012
2,0.1409,10,3.2703,47.8491
2,0.1255,8,1.3826,47.4699
2,0.1023,10,1.6996,47.3834
2,0.1181,10,1.0541,47.0719
2,0.1318,10,2.6748,47.4657
2,0.1652,10,4.8379,46.8836
2,0.1167,10,1.3269,46.758
2,0.1015,10,1.6445,47.2648
2,0.1416,10,1.8749,47.3832
2,0.1037,8,0.8128,47.5651
2,0.1531,10,3.9743,47.841
2,0.1089,10,1.46,47.309
2,0.1359,10,3.7911,47.8554
2,0.1152,10,2.1751,47.7952
2,0.1131,10,2.5031,47.2338
2,0.1299,10,1.6445,46.8939
2,0.1124,10,1.9874,47.8209
2,0.1273,10,1.7325,47.334
2,0.1265,10,1.7043,47.6176
2,0.1224,10,2.8592,47.7951
2,0.11,6,1.9584,47.7411
2,0.0992,8,0.9423,47.2206
2,0.1076,8,0.6004,47.7308
2,0.1067,10,1.2403,46.7085
2,0.1132,10,2.1047,47.6405
2,0.162,10,3.8579,47.6157
2,0.1216,8,1.6372,47.3437
2,0.1119,10,1.6796,46.5292
2,0.1007,10,1.5613,47.6288
2,0.1353,10,0.9692,46.6442
2,0.0718,8,0.7575,47.3414
2,0.1302,10,3.0939,47.4965
2,0.1216,10,2.6348,47.8367
2,0.1135,10,1.3026,47.3953
2,0.1354,10,2.7106,47.6968
2,0.1342,10,3.0253,47.8953
2,0.1084,10,1.1986,46.8106
2,0.0989,10,1.677,47.9366
2,0.1068,10,1.1364,47.5945
2,0.093,8,0.943,47.9073
2,0.1264,10,2.9747,47.6251
2,0.1009,10,2.0442,47.5325
2,0.1323,10,3.204,47.6746
2,0.1314,10,2.4486,47.8955
2,0.1286,10,3.2251,47.5719
2,0.1414,10,2.8919,47.5392
2,0.1336,10,3.6837,47.7437
2,0.0903,10,1.7589,47.818
2,0.1036,10,2.2453,47.8118
2,0.1194,10,2.642,47.7747
2,0.1422,10,2.1689,46.9689
2,0.1009,10,1.5874,47.3951
2,0.1432,10,3.3922,47.5145
2,0.0993,10,1.9552,47.8671
2,0.1867,10,2.2886,47.3205
2,0.083,7,0.01,47.4002
3,0.1324,10,2.4768,47.1764
3,0.1628,10,3.6993,47.3249
3,0.1158,8,0.6367,47.4524
3,0.1148,10,1.5239,47.2391
3,0.1269,10,3.0153,47.3533
3,0.1427,10,3.4461,47.3271
3,0.1317,10,1.4901,47.0987
3,0.1158,10,1.3341,46.2214
3,0.1155,10,1.3152,46.2901
3,0.1167,10,1.869,46.8583
3,0.1101,10,1.8071,47.2828
3,0.1103,10,1.4356,47.3075
3,0.1035,10,2.1304,47.0972
3,0.1173,10,1.3901,46.082
3,0.1098,10,1.1138,47.1165
3,0.1073,10,1.4076,47.0483
3,0.1362,10,2.1763,47.4481
3,0.1107,10,2.124,47.4116
3,0.1077,7,1.1375,47.4331
3,0.0936,10,0.8699,46.769
3,0.134,10,1.1391,46.9948
3,0.1413,10,3.3741,47.3556
3,0.1171,10,2.1336,47.0643
3,0.1073,10,1.5854,46.7224
3,0.1162,10,1.3829,46.2862
3,0.1222,10,1.4251,47.3084
3,0.1098,10,1.7355,47.3855
3,0.1162,10,1.4377,46.6679
3,0.1292,10,3.479,47.3805
3,0.1035,10,1.7365,46.6729
3,0.1153,10,1.3006,46.6588
3,0.1214,10,2.5955,47.1263
3,0.13,10,0.8418,47.3604
3,0.1157,10,1.8825,47.4278
3,0.1491,10,3.4053,47.4355
3,0.1288,10,1.8394,46.4438
3,0.1446,10,2.4473,47.4138
3,0.1042,10,0.4834,47.1922
3,0.1477,10,3.0198,47.2598
3,0.1126,10,1.6549,46.6554
3,0.132,10,2.7498,47.3511
3,0.1377,10,2.1944,46.9983
3,0.1061,10,1.1765,47.2142
3,0.1004,10,1.1902,47.1442
3,0.1105,10,1.5912,47.3699
3,0.1035,10,0.9304,46.9948
3,0.1274,10,3.0629,47.4504
3,0.1079,10,0.6136,47.3377
3,0.1118,10,1.6645,47.0566
3,0.1443,10,2.4976,47.1644
3,0.1113,10,1.2443,47.4211
3,0.1175,10,1.4323,46.1408
3,0.1444,10,2.8366,46.8491
3,0.1212,10,2.5854,47.1265
3,0.1248,8,1.4538,46.9589
3,0.1153,10,1.7185,47.2813
3,0.0925,10,0.9953,46.9835
3,0.1169,10,1.3421,46.759
3,0.1377,10,2.1689,46.586
3,0.1004,8,0.8325,47.1335
3,0.1189,10,1.4411,47.244
3,0.1252,10,2.7601,47.4242
3,0.1131,10,1.1637,46.4593
3,0.1048,10,1.2177,47.0917
3,0.1253,10,1.1527,47.3036
3,0.1295,10,1.4563,47.0421
3,0.1029,10,1.21,47.32
3,0.1072,10,2.4381,47.1061
3,0.1578,10,3.7152,47.001
3,0.1082,10,1.5897,47.4579
3,0.1094,10,1.7963,47.2434
3,0.1184,10,2.6099,47.3282
3,0.1623,10,2.6064,47.3252
3,0.0898,10,0.3489,47.3779
3,0.14,10,2.0674,46.9463
3,0.1432,10,2.7032,47.0462
3,0.1039,10,2.1286,47.4477
3,0.1009,10,1.5194,47.0083
3,0.1363,10,2.4947,47.0567
3,0.1215,10,2.6231,46.9352
3,0.1068,10,1.3271,46.7478
3,0.1476,10,3.2117,47.0355
3,0.0971,10,0.8262,47.0097
3,0.1126,10,2.4456,46.9129
3,0.1462,10,2.8164,47.4265
3,0.1218,10,2.7546,47.3785
3,0.1132,10,2.3773,46.902
3,0.1531,10,3.4623,46.9605
3,0.1338,10,2.5852,47.1981
3,0.125,10,2.46,47.365
3,0.1158,10,1.2282,47.3395
3,0.1344,10,2.372,47.3818
3,0.1419,10,2.1751,47.0167
3,0.1306,10,2.5606,46.9802
3,0.1071,10,1.5516,46.6862
3,0.1335,10,2.6173,47.2467
3,0.0916,8,0.5807,47.2194
3,0.1085,10,1.0428,47.076
3,0.1113,10,2.0017,47.2726
3,0.1133,10,1.1064,47.3203
4,0.1045,10,1.043,46.3288
4,0.1112,10,1.5637,46.7441
4,0.1084,10,1.0406,46.7371
4,0.0978,10,0.01,46.8091
4,0.1114,10,1.5762,46.5972
4,0.1342,10,2.5131,46.787
4,0.0979,10,1.1966,46.7543
4,0.1282,10,1.9941,46.9302
4,0.1103,10,2.1648,46.8137
4,0.1069,10,0.5548,45.6548
4,0.1167,10,1.3989,46.2665
4,0.1156,10,1.3383,46.2256
4,0.0937,10,0.6203,46.8143
4,0.0972,10,0.8699,46.7663
4,0.1219,10,2.6651,46.8595
4,0.1142,10,1.3987,46.5048
4,0.1069,10,0.5507,46.1012
4,0.1175,10,1.4272,46.2086
4,0.1279,10,1.7901,46.6231
4,0.1134,10,1.3153,46.622
4,0.1154,10,1.4899,46.5826
4,0.1434,10,2.5297,46.8175
4,0.1126,10,2.4456,46.9129
4,0.1317,10,2.7239,46.8711
4,0.1399,10,2.0657,46.9469
4,0.1134,10,1.2127,46.191
4,0.1298,10,2.5203,46.9348
4,0.1188,10,2.0769,46.951
4,0.1377,10,2.1336,46.6799
4,0.1136,10,1.3747,46.7498
4,0.1171,10,1.3967,46.2268
4,0.1159,10,1.3372,46.22
4,0.1064,10,1.3982,46.7338
4,0.1136,10,1.4933,46.6574
4,0.1509,10,3.0608,46.5001
4,0.1302,10,1.4238,46.474
4,0.112,10,1.3786,46.6539
4,0.131,10,1.8893,46.8985
4,0.1108,10,1.1743,46.8069
4,0.1525,10,3.2307,46.4643
4,0.1174,10,1.404,46.2555
4,0.1137,10,1.2888,46.9699
4,0.116,10,1.3459,46.1484
4,0.1167,10,1.3925,46.094
4,0.1166,10,1.7166,46.8417
4,0.153,10,3.4105,45.7679
4,0.1009,10,1.8507,46.8062
4,0.1166,10,1.3977,46.2668
4,0.1167,10,1.3312,46.76
4,0.1087,10,1.497,46.9387
4,0.1517,10,3.2945,46.5571
4,0.1168,10,1.3678,46.1653
4,0.1126,10,1.1678,46.6945
4,0.1127,10,1.6538,46.6538
4,0.1157,10,1.447,46.545
4,0.1509,10,3.0551,46.5706
4,0.1373,10,1.9325,46.9435
4,0.1134,10,1.2138,46.1912
4,0.107,10,1.5683,46.7244
4,0.1131,10,1.1412,46.9547
4,0.1115,10,2.2901,46.5558
4,0.1541,10,3.6081,46.6674
4,0.1363,10,2.0941,46.2307
4,0.1318,10,3.5145,46.8597
4,0.1159,10,1.2967,46.4542
4,0.1566,10,3.459,46.7979
4,0.1529,10,2.7001,46.9513
4,0.1122,10,1.2234,46.3277
4,0.1366,10,2.1124,45.2279
4,0.131,10,1.4741,46.9087
4,0.1144,10,1.1594,46.8461
4,0.1171,10,1.5007,46.2801
4,0.1301,10,1.4126,45.6782
4,0.1074,10,1.6698,46.7335
4,0.1141,10,1.1415,46.6683
4,0.1168,10,1.3505,46.2318
4,0.1575,10,3.6993,46.7057
4,0.1483,10,3.2543,46.5824
4,0.1153,10,1.3006,46.6588
4,0.1165,10,1.698,46.9437
4,0.1117,10,1.2529,46.2968
4,0.1165,10,1.3304,46.456
4,0.113,10,1.2445,46.931
4,0.109,10,1.1033,46.8681
4,0.1049,10,1.0343,46.7653
4,0.1016,10,1.0404,46.3298
4,0.1169,10,1.3203,46.6178
4,0.1048,10,1.0553,46.2645
4,0.1298,10,1.6491,46.8948
4,0.1121,10,1.3824,46.654
4,0.1437,10,2.2842,46.7803
4,0.1073,10,1.539,46.6335
4,0.1159,10,1.3437,46.2214
4,0.1174,10,1.4092,46.4976
4,0.1383,10,1.9346,46.8814
4,0.1173,10,1.3831,46.2841
4,0.1494,10,3.4236,46.8428
4,0.1164,10,1.3896,45.7202
4,0.1158,10,1.2963,46.4566
4,0.14,10,2.0728,46.9474
5,0.1126,10,1.294,46.1503
5,0.1292,10,1.872,46.2347
5,0.1444,10,2.3455,46.4852
5,0.1067,10,0.5532,45.6555
5,0.1162,10,1.308,46.454
5,0.1293,10,1.8758,46.2344
5,0.1487,10,3.1325,46.458
5,0.117,10,1.4262,46.0052
5,0.1164,10,1.3334,46.4586
5,0.1051,10,1.0843,46.3799
5,0.155,10,3.4264,46.2712
5,0.1166,10,1.3977,46.2668
5,0.1165,10,1.3608,46.2382
5,0.1149,10,1.2483,46.4432
5,0.128,10,3.6993,46.3578
5,0.1301,10,1.4126,45.6782
5,0.1061,10,0.561,45.8651
5,0.1163,10,1.3278,46.4576
5,0.0965,10,1.0778,45.8876
5,0.1204,10,1.4904,46.2559
5,0.1164,10,1.3481,46.1526
5,0.153,10,3.3764,46.4852
5,0.1127,10,1.2721,46.3646
5,0.1166,10,1.3504,46.235
5,0.1302,10,1.4238,46.474
5,0.113,10,1.5417,46.4033
5,0.1363,10,2.0638,46.2272
5,0.1048,10,1.0553,46.2645
5,0.1547,10,3.6534,46.4865
5,0.1164,10,1.3896,45.7202
5,0.1159,10,1.3049,46.4581
5,0.1122,10,1.2259,46.3284
5,0.1164,10,1.3896,45.7202
5,0.1049,10,1.0702,46.2828
5,0.116,10,1.3401,46.2197
5,0.1128,10,1.3001,46.1496
5,0.1174,10,1.4451,46.3904
5,0.1166,10,1.3414,46.2329
5,0.116,10,1.343,46.1473
5,0.1069,10,0.5548,45.6548
5,0.1164,10,1.371,46.3375
5,0.1523,10,3.3602,46.2982
5,0.1127,10,1.2952,46.069
5,0.1273,10,1.7698,46.3439
5,0.1293,10,1.8577,46.4298
5,0.14,10,2.1243,46.4505
5,0.1171,10,1.4258,46.0031
5,0.1367,10,2.0892,46.1943
5,0.135,10,2.0162,46.3177
5,0.1156,10,1.3383,46.2256
5,0.1524,10,3.3691,46.0357
5,0.1375,10,2.1319,46.4843
5,0.1307,10,1.447,46.0789
5,0.1472,10,3.2031,46.4056
5,0.154,10,3.3371,46.4816
5,0.1163,10,1.3882,46.2855
5,0.1575,10,3.7892,46.2894
5,0.1361,10,2.0524,45.995
5,0.1281,10,1.0497,46.4104
5,0.1167,10,1.497,46.232
5,0.1153,10,1.2695,46.1898
5,0.1191,10,1.1296,46.0685
5,0.1391,10,2.0031,46.4351
5,0.1281,10,1.7985,46.3809
5,0.1068,10,0.5568,45.6547
5,0.112,10,1.2192,46.4053
5,0.1166,10,1.3665,46.2275
5,0.1175,10,1.4433,46.3886
5,0.1171,10,1.3967,46.2268
5,0.1539,10,3.3244,46.4807
5,0.1156,10,1.2997,46.4621
5,0.1126,10,1.2782,46.3467
5,0.1159,10,1.3076,46.459
5,0.1165,10,1.3616,46.2556
5,0.1167,10,1.4792,46.3358
5,0.1164,10,1.3292,46.4563
5,0.1134,10,1.2138,46.1912
5,0.1048,10,1.0592,46.3278
5,0.1365,10,2.0893,46.1426
5,0.1051,10,1.068,46.4829
5,0.1168,10,1.5007,46.2321
5,0.1282,10,1.7979,46.3806
5,0.1289,10,1.869,46.4849
5,0.1016,10,1.0404,46.3298
5,0.1166,10,1.3678,46.228
5,0.108,10,1.5701,46.3135
5,0.1311,10,1.476,46.3772
5,0.1282,10,1.7992,46.3803
5,0.1164,10,1.3923,45.7203
5,0.1159,10,1.3372,46.22
5,0.1273,10,1.7673,46.3441
5,0.116,10,1.3385,46.2182
5,0.116,10,1.3462,46.148
5,0.1127,10,1.298,46.1499
5,0.1532,10,3.3108,46.2476
5,0.1281,10,1.8051,46.3816
5,0.1294,10,1.8741,46.4745
5,0.1274,10,1.7789,46.4591
5,0.1436,10,2.2993,46.4851
5,0.1157,10,1.3128,46.4643
6,0.1084,10,0.8275,45.8409
6,0.1164,10,1.3907,45.7206
6,0.1085,10,0.8295,45.8173
6,0.1305,10,1.3608,45.8662
6,0.1167,10,1.4025,45.7818
6,0.1085,10,0.808,45.8156
6,0.1082,10,0.8171,45.8183
6,0.1087,10,0.8353,45.8166
6,0.1069,10,0.5548,45.6548
6,0.1085,10,0.8126,45.8156
6,0.1053,10,0.5175,45.6086
6,0.1088,10,0.8212,46.0052
6,0.1067,10,0.5532,45.6555
6,0.1083,10,0.8036,45.8161
6,0.1171,10,1.4258,46.0031
6,0.1086,10,0.8185,45.8156
6,0.1083,10,0.8148,45.8173
6,0.1301,10,1.4126,45.6782
6,0.0965,10,1.0778,45.8876
6,0.1069,10,0.5544,45.6548
6,0.109,10,0.8519,45.8664
6,0.1083,10,0.8163,45.8175
6,0.1083,10,0.8195,45.818
6,0.1089,10,0.8234,45.9543
6,0.1067,10,0.5532,45.6555
6,0.1084,10,0.8074,45.8157
6,0.1082,10,0.8045,45.8171
6,0.0987,10,0.0207,45.9435
6,0.1083,10,0.8153,45.8176
6,0.1168,10,1.4084,45.7825
6,0.1069,10,0.5597,45.8138
6,0.1083,10,0.8083,45.8169
6,0.1083,10,0.8031,45.8164
6,0.1083,10,0.8132,45.8173
6,0.1084,10,0.8081,45.8161
6,0.1089,10,0.8202,45.9536
6,0.1166,10,1.4022,45.7848
6,0.1086,10,0.8255,45.8163
6,0.1083,10,0.8124,45.8176
6,0.0965,10,1.0778,45.8876
6,0.1164,10,1.3896,45.7202
6,0.1085,10,0.8194,45.8168
6,0.1082,10,0.8137,45.8183
6,0.1086,10,0.8244,45.8158
6,0.1165,10,1.3923,45.7195
6,0.1083,10,0.817,45.8178
6,0.109,10,0.8517,45.8663
6,0.1081,10,0.8039,45.818
6,0.1087,10,0.8315,45.8163
6,0.1087,10,0.8225,45.8154
6,0.1166,10,1.4037,45.7839
6,0.1169,10,1.4179,46.0037
6,0.1086,10,0.829,45.8163
6,0.1086,10,0.8192,45.8154
6,0.1081,10,0.808,45.8183
6,0.1082,10,0.8021,45.8171
6,0.1081,10,0.7987,45.8922
6,0.109,10,0.8336,45.8486
6,0.1088,10,0.8214,46.005
6,0.1081,10,0.7987,45.8922
6,0.0965,10,1.0778,45.8876
6,0.1084,10,0.8076,45.8159
6,0.1081,10,0.8,45.893
6,0.1083,10,0.8168,45.8177
6,0.1071,10,0.56,45.6533
6,0.1089,10,0.8214,45.9536
6,0.1084,10,0.8071,45.8158
6,0.1081,10,0.8052,45.8181
6,0.1082,10,0.8097,45.8176
6,0.1083,10,0.8162,45.8176
6,0.1068,10,0.5568,45.6547
6,0.1085,10,0.8103,45.8158
6,0.1068,10,0.5577,45.6549
6,0.1072,10,0.5596,46.004
6,0.1089,10,0.822,45.9539
6,0.1091,10,0.8328,45.8481
6,0.1091,10,0.855,45.9695
6,0.1068,10,0.5543,45.655
6,0.1085,10,0.8131,45.8159
6,0.1087,10,0.8233,45.8154
6,0.1086,10,0.8302,45.8166
6,0.1084,10,0.8239,45.8179
6,0.109,10,0.8411,45.9401
6,0.1083,10,0.8036,45.8163
6,0.1164,10,1.3896,45.7202
6,0.117,10,1.4229,46.004
6,0.1083,10,0.8077,45.8172
6,0.1163,10,1.3854,45.7206
6,0.1083,10,0.8096,45.8173
6,0.1083,10,0.8026,45.8164
6,0.1083,10,0.8083,45.8166
6,0.1068,10,0.5551,45.6549
6,0.1086,10,0.8252,45.8162
6,0.1164,10,1.3896,45.7202
6,0.1083,10,0.8063,45.8162
6,0.1084,10,0.8167,45.8169
6,0.1086,10,0.8243,45.8158
6,0.1166,10,1.4044,45.7853
6,0.1082,10,0.8115,45.818
6,0.1082,10,0.8132,45.8185
7,0.1054,10,0.5177,45.4829
7,0.1054,10,0.5229,45.4833
7,0.1053,10,0.5199,45.4835
7,0.1054,10,0.52,45.4832
7,0.1056,10,0.5235,45.4824
7,0.1056,10,0.5205,45.4716
7,0.1056,10,0.5197,45.4823
7,0.1056,10,0.5238,45.4824
7,0.1054,10,0.5176,45.4828
7,0.1055,10,0.5237,45.4829
7,0.1053,10,0.5185,45.4834
7,0.1054,10,0.5196,45.483
7,0.1056,10,0.522,45.4822
7,0.1055,10,0.5244,45.4829
7,0.1056,10,0.523,45.4824
7,0.1054,10,0.5212,45.4835
7,0.1056,10,0.5212,45.4716
7,0.1054,10,0.5146,45.4827
7,0.1054,10,0.5209,45.4831
7,0.1054,10,0.5223,45.4835
7,0.1055,10,0.5177,45.4826
7,0.1056,10,0.5198,45.4822
7,0.1056,10,0.5198,45.4822
7,0.1054,10,0.5214,45.4832
7,0.1055,10,0.524,45.483
7,0.1054,10,0.5162,45.483
7,0.1056,10,0.5234,45.4823
7,0.1053,10,0.5171,45.4835
7,0.1057,10,0.5216,45.4716
7,0.1054,10,0.5174,45.4831
7,0.1054,10,0.5246,45.5209
7,0.1055,10,0.5201,45.4828
7,0.1056,10,0.5211,45.4825
7,0.1056,10,0.5252,45.4826
7,0.1057,10,0.5233,45.4822
7,0.1054,10,0.5233,45.5203
7,0.1053,10,0.52,45.4835
7,0.1056,10,0.5215,45.4822
7,0.1056,10,0.5234,45.4823
7,0.1054,10,0.518,45.4831
7,0.1056,10,0.521,45.4716
7,0.1053,10,0.5183,45.4835
7,0.1056,10,0.5193,45.4716
7,0.1053,10,0.5169,45.4832
7,0.1055,10,0.522,45.4827
7,0.1056,10,0.5221,45.4822
7,0.1056,10,0.5211,45.4825
7,0.1054,10,0.5216,45.5201
7,0.1054,10,0.5203,45.4834
7,0.1056,10,0.5202,45.4824
7,0.1055,10,0.5166,45.4826
7,0.1056,10,0.5209,45.4716
7,0.1057,10,0.5248,45.4823
7,0.1054,10,0.5154,45.483
7,0.1056,10,0.5237,45.4824
7,0.1054,10,0.517,45.483
7,0.1055,10,0.5211,45.483
7,0.1056,10,0.5214,45.4824
7,0.1056,10,0.5203,45.4824
7,0.1057,10,0.5254,45.4481
7,0.1057,10,0.5261,45.4482
7,0.1054,10,0.5156,45.4831
7,0.1057,10,0.5235,45.4822
7,0.1056,10,0.5203,45.4824
7,0.1056,10,0.5233,45.4823
7,0.1055,10,0.5175,45.4825
7,0.1054,10,0.5197,45.4831
7,0.1057,10,0.5224,45.4716
7,0.1055,10,0.52,45.4829
7,0.1055,10,0.5226,45.483
7,0.1057,10,0.5236,45.4822
7,0.1055,10,0.5254,45.4833
7,0.1056,10,0.5224,45.4825
7,0.1056,10,0.5226,45.4825
7,0.1056,10,0.5254,45.4829
7,0.1057,10,0.5237,45.4716
7,0.1056,10,0.5211,45.4824
7,0.1054,10,0.5233,45.5202
7,0.1055,10,0.5244,45.4832
7,0.1054,10,0.5185,45.4833
7,0.1054,10,0.5209,45.4832
7,0.1054,10,0.5191,45.4832
7,0.1054,10,0.5182,45.4829
7,0.1056,10,0.5229,45.4825
7,0.1054,10,0.5189,45.4832
7,0.1057,10,0.5235,45.4822
7,0.1057,10,0.5261,45.4481
7,0.1054,10,0.5233,45.4834
7,0.1056,10,0.5245,45.4826
7,0.1056,10,0.5222,45.4826
7,0.1056,10,0.5213,45.4824
7,0.1055,10,0.5225,45.4831
7,0.1054,10,0.5221,45.4832
7,0.1057,10,0.5242,45.448
7,0.1056,10,0.5256,45.4829
7,0.1055,10,0.5236,45.4829
7,0.1055,10,0.5171,45.4824
7,0.1054,10,0.5196,45.4834
7,0.1053,10,0.5208,45.5203
7,0.1056,10,0.5257,45.4826
